PEH,VAE,PUH,POD,OTH,HUR
appointment,mutations,fightflu,biden,clinic,forced
threat,resistant,clinics,republicans,card,fucking
week,sars,staff,voted,december,freedom
husband,cov,influenza,legislation,center,canadians
vaxxed,evolutionary,population,shame,digital,force
hope,trajectories,week,targeted,learn,protects
stupid,occurrence,natural,vision,clinics,employer
triple,frequency,wife,traitor,process,chief
booster,genomes,coverage,americans,code,forcing
months,strongly,urges,trump,book,choice
